onset	duration	trial_type	value	sample
0.005	0	eyes_closed	65	1
181.935	0	eyes_open	66	36387
197.275	0	eyes_closed	65	39455
212.685	0	eyes_open	66	42537
228.16	0	eyes_closed	65	45632
243.715	0	eyes_open	66	48743
259.345	0	eyes_closed	65	51869
274.605	0	eyes_open	66	54921
290.15	0	eyes_closed	65	58030
307.405	0	eyes_open	66	61481
322.835	0	eyes_closed	65	64567
356.415	0	hyperventilation_1	67	71283
417.78	0	hyperventilation_2	68	83556
479.22	0	hyperventilation_3	69	95844
543.3	0	hiperventilacion 4	74	108660
606.245	0	recovery	70	121249
